<?xml version="1.0" encoding="UTF-8"?>
<metadata xml:lang="en"><Esri><CreaDate>20191228</CreaDate><CreaTime>22031200</CreaTime><ArcGISFormat>1.0</ArcGISFormat><SyncOnce>TRUE</SyncOnce><DataProperties><itemProps><itemLocation><linkage Sync="TRUE">file://\\DESKTOP-609N4IE\D$\Google Drive\Geo Project\UWat MSc Geo\Research\MyThesis\GIS_data\Provinces\ontario</linkage><protocol Sync="TRUE">Local Area Network</protocol></itemLocation></itemProps><copyHistory><copy source="D:\Google Drive\Geo Project\UWat MSc Geo\Research\MyThesis\GIS_data\Roads\lrnf000r17a_e\ontario" dest="\\DESKTOP-609N4IE\D$\Google Drive\Geo Project\UWat MSc Geo\Research\MyThesis\GIS_data\Provinces\ontario" date="20181114" time="12064200"></copy></copyHistory></DataProperties></Esri></metadata>
