<?xml version="1.0" encoding="UTF-8"?>
<metadata xml:lang="en"><Esri><CreaDate>20191228</CreaDate><CreaTime>21575900</CreaTime><ArcGISFormat>1.0</ArcGISFormat><SyncOnce>TRUE</SyncOnce><DataProperties><lineage><Process ToolSource="c:\program files (x86)\arcgis\desktop10.5\ArcToolbox\Toolboxes\Data Management Tools.tbx\Project" Date="20190301" Time="114522">Project "D:\Google Drive\Geo Project\UWat MSc Geo\Research\MyThesis\GIS_data\Weather_autocorrelation.gdb\weather_obs" "D:\Google Drive\Geo Project\UWat MSc Geo\Research\MyThesis\GIS_data\Weather_autocorrelation.gdb\weather_obs_lcc" PROJCS['PCS_Lambert_Conformal_Conic',GEOGCS['GCS_North_American_1983',DATUM['D_North_American_1983',SPHEROID['GRS_1980',6378137.0,298.257222101]],PRIMEM['Greenwich',0.0],UNIT['Degree',0.0174532925199433]],PROJECTION['Lambert_Conformal_Conic'],PARAMETER['False_Easting',6200000.0],PARAMETER['False_Northing',3000000.0],PARAMETER['Central_Meridian',-91.86666666666666],PARAMETER['Standard_Parallel_1',49.0],PARAMETER['Standard_Parallel_2',77.0],PARAMETER['Latitude_Of_Origin',63.390675],UNIT['Meter',1.0]] WGS_1984_(ITRF00)_To_NAD_1983 GEOGCS['GCS_WGS_1984',DATUM['D_WGS_1984',SPHEROID['WGS_1984',6378137.0,298.257223563]],PRIMEM['Greenwich',0.0],UNIT['Degree',0.0174532925199433]] NO_PRESERVE_SHAPE # NO_VERTICAL</Process></lineage></DataProperties></Esri></metadata>
